{"cameraMode":{"drawMode":0,"name":"Shaded","section":"Shading Mode"},"sceneLighting":true,"audioPlay":false,"sceneViewState":{"showFog":true,"showMaterialUpdate":false,"showSkybox":true,"showFlares":true,"showImageEffects":true,"showParticleSystems":true},"in2DMode":false,"pivot":{"x":5.960464477539063e-8,"y":2.869835615158081,"z":0.008967667818069458},"rotation":{"x":-0.18932829797267915,"y":0.4808237552642822,"z":-0.10717214643955231,"w":-0.8494071364402771},"size":1.2088127136230469,"orthographic":false}